Tuote,Hinta_Prisma,Sokos_Hinta,S-etu_Sokos,Hinta_Lyko
Lumene LUMO Kiinteyttävä hajusteeton päivävoide SPF30 50 ml,,"30,50 €","22,80 €",
Lumene LUMO Kimmoisuutta lisäävä silmänympärysseerumi 10ml,"26,50 €","30,50 €",N/A,
Lumene LUMO Pikakaunistaja + kollageeniseerumi tuplapakkaus,,"33,50 €",N/A,
Lumene LUMO Pre-retinoli kasvoöljy 30 ml,"29,95 €","33,50 €",N/A,
Lumene LUMO Silottava & kiinteyttävä pikakaunistaja 30 ml,"28,50 €","33,50 €",N/A,
Lumene LUMO Silottava & kiinteyttävä pikakaunistaja 50 ml,,"33,50 €",N/A,
Lumene LUMO Silottava & kiinteyttävä päivävoide + yövoide tuplapakkaus,,"30,50 €",N/A,
Lumene LUMO Silottava & kiinteyttävä päivävoide 50 ml,"26,50 €","30,50 €","22,80 €",
Lumene LUMO Silottava & kiinteyttävä päivävoide mineraali SK30 50ml,,"30,50 €","22,80 €",
Lumene LUMO Silottava & kiinteyttävä silmänympärysvoide 15 ml,"26,50 €","31,50 €",N/A,
Lumene LUMO Silottava & kiinteyttävä yövoide 50 ml,"26,50 €","30,50 €","22,80 €",
Lumene LUMO VITALITY Silottava & elvyttävä päivävoide + yövoide tuplapakkaus,,"34,50 €",N/A,
Lumene LUMO VITALITY Silottava & elvyttävä päivävoide 50 ml,"28,50 €","34,50 €","25,80 €",
Lumene LUMO VITALITY Silottava & elvyttävä yövoide 50 ml,"28,50 €","34,50 €","25,80 €",
Lumene LUMO VITALITY Silottava & elvyttävä öljyseerumi 30 ml,"32,50 €","36,90 €",N/A,
Lumene Lumo Kimmoisuutta lisäävä kollageeniseerumi 30ml,"28,50 €","33,50 €",N/A,
Nordic BloomAnti-Wrinkle & Firm Day Cream SPF30 Fragrance Free50 ml,,,,"29,50 €"
Nordic BloomAnti-wrinkle & Firm Day Fluid Mineral SPF 3050 ml,,,,"29,50 €"
Nordic BloomAnti-wrinkle & Firm Day Moisturizer50 ml,,,,"29,50 €"
Nordic BloomAnti-wrinkle & Firm Moisturizing Eye Cream15 ml,,,,"29,50 €"
Nordic BloomAnti-wrinkle & Firm Moisturizing V-Shape Serum30 ml,,,,"32,50 €"
Nordic BloomAnti-wrinkle & Firm Night Moisturizer50 ml,,,,"29,50 €"
Nordic BloomBerry Pre-Retinol Facial Oil30 ml,,,,"29,50 €"
Nordic BloomVegan Collagen Essence30 ml,,,,22 €
Nordic BloomVegan Collagen Eye Serum10 ml,,,,20 €
Nordic BloomVitality Anti-Wrinkle & Revitalize Oil Serum30 ml,,,,"35,90 €"
Nordic BloomVitality Anti-Wrinkle & Revitalize Overnight Balm50 ml,,,,"31,50 €"
Nordic BloomVitality Anti-Wrinkle & Revitalize Rich Day Cream50 ml,,,,"31,50 €"
